time,status,KIM1_rank,IL_1RT1_rank,DLL1_rank,PI3_rank,WFDC2_rank,LAYN_rank,EPHA2_rank,LTBR_rank,RELT_rank,TNFRSF6B_rank,CD27_rank,EDA2R_rank,PVRL4_rank,TNFRSF10A_rank,EFNA4_rank,TNF_R1_rank,GFR_alpha_1_rank,TNF_R2_rank,CD160_rank,TNFRSF4_rank,SYND1_rank,ggfr,gacr,ga1c
18.0643,0,1,2,0,0,0,1,1,1,1,1,1,0,0,2,1,0,1,0,1,1,0,117.59,2.622386739,7.8
5.2293,1,3,2,3,3,2,1,2,2,2,3,3,1,1,1,0,2,0,2,3,2,2,97.274,3.307067951,8.2
16.011,0,0,1,3,1,0,1,1,1,2,2,1,1,2,2,2,1,0,2,0,2,2,105.691,2.403524234,9.5
4.4408,1,3,2,3,3,3,3,3,2,2,2,1,3,2,1,2,2,3,1,2,1,3,62.214,3.628270092,8.5
21.1773,0,0,0,0,1,1,1,1,1,1,2,1,3,2,1,1,1,1,1,2,2,0,74.696,2.571798386,9.7
7.2142,1,2,3,3,3,2,3,3,3,3,1,3,3,3,3,3,3,3,3,3,3,3,67.782,2.72846058,8.4
12.4901,1,1,1,2,3,3,2,3,3,1,1,3,1,3,0,1,2,2,2,2,1,2,74.215,3.422452159,9.2
15.4333,1,2,3,2,3,3,2,3,3,2,3,3,2,3,3,2,2,3,2,3,3,3,117.642,3.161323296,10.7
15.091,0,2,3,2,0,1,2,2,0,1,0,2,2,1,1,1,1,2,1,2,0,1,70.293,2.845790695,6.8
17.3415,1,0,3,0,2,0,0,0,0,0,0,0,0,0,0,0,0,1,0,0,0,0,122.262,1.707901825,8.851239669
8.178,1,3,1,2,2,3,3,3,3,2,3,2,3,3,1,3,3,3,3,3,3,3,76.963,3.1456909,11.4
10.3546,0,0,0,1,0,1,0,0,0,2,2,0,0,0,2,0,0,1,0,1,1,0,113.438,2.64867137,7.9
23.1239,0,0,1,0,0,0,0,1,0,0,0,0,0,0,1,0,0,0,0,0,0,1,121.798,3.100616674,8.355371901
16.4901,0,1,0,2,1,2,1,2,2,1,3,1,2,2,0,1,3,2,1,1,3,0,108.104,3.397940009,7.9
16.7775,1,1,2,1,2,0,0,0,0,0,2,0,0,0,2,0,0,1,1,1,0,1,106.659,1.729629685,12
11.1485,0,0,2,0,0,0,1,0,1,0,0,0,2,1,1,3,1,0,0,0,0,0,80.728,2.823003017,9.8
13.3032,0,2,0,0,0,2,0,0,0,0,3,0,0,1,2,0,0,0,1,1,2,1,92.866,2.693292871,9
15.9206,0,2,2,1,1,2,1,2,1,0,1,1,1,3,0,1,1,2,2,2,2,2,112.659,2.533867344,9.2
19.258,0,0,0,0,0,0,0,0,0,0,0,0,0,0,0,0,0,0,0,0,0,0,115.1,2.084644142,7.5
19.7016,0,1,3,1,1,1,0,1,2,3,0,0,0,0,1,1,2,1,2,0,0,1,84.454,2.894452631,7
7.8576,1,3,3,2,2,2,1,1,2,3,3,2,1,1,3,1,3,3,3,1,1,3,100.209,3.397940009,9.5
7.6085,1,1,1,2,2,3,3,3,2,3,2,3,2,3,3,2,3,2,2,2,3,3,73.09,2.534879144,8.3
10.8036,1,2,3,3,3,2,3,2,3,3,1,2,1,2,2,2,3,1,3,2,1,1,79.876,3.397940009,6.5
11.9179,0,1,3,3,1,1,2,2,1,3,1,2,1,1,0,2,2,2,3,3,3,1,96.045,3.017867719,9.1
7.8522,1,3,2,3,2,3,2,1,2,1,3,2,2,2,1,2,1,2,2,1,0,2,114.408,3.397940009,11.8
15.0253,0,1,1,1,0,0,0,0,0,1,0,2,2,0,2,2,1,0,1,3,1,3,115,1.277292149,10.8
5.3279,1,3,3,1,3,1,2,1,2,2,1,1,2,1,3,3,1,0,2,1,2,2,119.249,2.828707624,12.2
9.0459,1,2,2,3,1,2,3,3,3,3,2,3,3,3,3,3,3,3,3,3,3,1,61.664,2.837224844,11.9
9.9521,0,2,1,0,1,2,1,0,1,0,1,1,0,1,1,0,0,1,0,0,1,2,126.091,2.570257666,12.5
21.7714,0,0,0,1,2,1,2,2,1,1,2,1,1,2,2,1,2,1,1,1,2,1,91.118,3.397940009,8.933884298
18.2861,0,1,0,1,3,1,0,0,0,2,3,1,1,1,0,0,1,0,1,1,2,0,97.008,1.577926312,10.2
10.8419,0,2,2,3,3,3,3,3,3,3,3,3,3,3,3,3,3,3,3,3,3,3,68.008,2.419356509,11
10.5544,0,3,1,2,2,2,2,2,2,3,1,2,3,2,3,3,3,2,3,2,2,3,86.174,3.228943566,7.2
7.2225,1,3,1,1,3,3,3,2,3,3,2,3,3,3,2,2,3,3,3,3,3,2,55.681,2.867637245,8.4
8.2437,1,2,1,2,2,3,2,2,1,2,3,2,3,2,2,3,2,2,2,2,1,1,71.996,2.771811072,7.7
8.9117,0,3,3,3,2,3,3,3,3,1,1,3,2,3,3,3,2,3,3,3,3,3,85.997,2.791863814,9.8
13.6181,1,3,3,3,3,3,3,3,3,3,3,3,2,3,3,3,3,2,3,3,3,3,102.196,2.481882558,8.7
12.7721,1,2,0,0,1,1,0,0,1,1,2,1,1,0,3,2,1,1,1,2,1,1,86.644,1.974816454,9.429752066
17.6537,1,1,0,0,0,0,1,0,0,1,0,0,0,0,1,0,0,0,0,0,1,1,118.905,3.094677132,8.9
4.3285,1,3,2,2,3,3,2,2,3,1,3,2,2,3,1,2,2,3,2,2,2,3,61.512,3.449256076,8.2
11.1294,1,3,2,3,2,3,3,3,2,2,1,3,2,2,0,3,2,2,2,3,3,2,60.833,3.310370022,6.3
22.6448,1,1,1,0,2,1,2,1,2,1,1,1,1,1,1,1,2,2,1,1,1,1,114.287,3.131994553,7.4
10.9377,0,1,2,1,3,2,2,2,2,0,0,2,1,3,1,0,2,3,1,2,1,2,101.129,3.019673436,9.2
12.668,0,3,3,2,1,1,1,0,3,3,2,2,2,0,3,2,2,2,2,0,1,1,97.938,3.397940009,9.7
19.8275,1,2,3,2,0,1,1,1,2,1,1,2,0,1,0,1,1,1,0,1,1,3,132.105,3.022446303,11
12.1424,1,2,2,2,2,3,2,2,3,3,1,3,1,1,3,3,3,2,3,0,2,1,67.744,1.611014834,10.7
11.1157,1,2,2,1,1,1,2,1,1,0,1,0,2,1,2,1,1,2,1,1,1,0,93.403,2.681106175,10.8
14.4914,1,1,3,0,3,0,1,0,2,3,0,0,2,0,1,2,0,0,1,0,0,0,99.126,3.397940009,7.5
23.4716,0,0,2,1,0,0,0,0,0,0,0,0,0,0,0,1,0,0,0,2,0,0,109.768,1.514979948,9.3
11.4168,1,0,1,0,1,0,0,0,0,0,0,0,0,0,1,0,0,0,0,0,0,0,127.287,3.251592021,10.33884298
17.5058,0,2,0,1,0,0,0,0,0,1,0,0,0,0,1,0,0,0,0,0,0,2,109.385,2.587871251,8
4.564,1,1,1,1,3,0,0,0,1,2,1,0,1,0,1,0,1,1,0,0,0,1,104.952,2.859549097,14.3
12.8131,0,0,0,2,3,1,2,1,1,2,2,1,0,1,2,1,1,2,1,2,2,3,125.068,2.063982311,8.9
9.1581,1,1,3,3,3,3,3,3,3,2,2,3,3,3,3,3,3,3,3,3,2,2,78.21,3.028427708,10.5
14.6694,1,1,1,2,0,2,3,2,2,1,1,1,3,3,0,2,2,2,1,1,2,2,87.06,3.090610708,9.5
12.1561,1,3,3,3,3,3,3,3,3,3,3,3,3,3,3,3,3,3,3,2,3,3,134.672,3.397940009,8.1
10.8227,0,2,1,1,0,1,1,2,1,1,1,1,2,1,2,2,1,1,1,2,2,1,114.443,2.558119635,10.2
3.7317,1,1,1,2,1,1,0,1,0,2,2,2,3,2,3,2,0,0,2,2,1,3,109.053,3.180793643,7.9
19.2416,0,1,2,3,1,1,1,2,2,3,2,3,1,1,3,3,3,1,3,3,3,3,114.235,3.397940009,7.3
8.8542,1,2,3,3,0,3,3,3,3,3,2,3,2,3,2,3,3,1,3,3,3,3,76.158,3.340901508,10.5
9.6345,1,1,1,0,0,0,0,0,0,0,0,0,0,0,0,0,0,1,0,1,0,1,73.53,2.147418659,7.5
23.7919,0,0,0,0,1,0,0,0,0,0,0,0,1,0,0,0,1,1,2,1,0,0,111.952,1.836143197,8.520661157
11.7892,1,3,1,3,2,3,2,3,2,3,3,3,3,3,1,3,3,2,3,3,3,2,83.588,3.342422681,7.5
3.9699,1,3,2,1,1,2,2,1,0,0,2,2,0,2,2,0,0,0,0,0,1,2,113.909,3.03314634,8.6
5.5003,0,0,0,1,1,2,1,1,1,2,2,2,1,2,0,1,1,1,2,2,3,0,93.592,2.371479179,7.1
12.1834,0,0,0,0,0,0,0,1,0,1,1,0,0,1,0,0,0,0,0,0,0,2,125.266,1.585305135,8.5
10.7734,1,2,0,3,2,3,2,3,2,2,3,3,1,3,3,1,2,1,3,3,3,2,104.958,2.863699761,7.8
11.4908,1,0,3,1,3,1,3,2,3,2,1,1,3,2,2,2,3,3,2,1,1,2,84.211,2.672439957,10.2
3.9507,1,2,3,3,3,2,3,3,3,3,3,3,3,3,2,3,3,3,3,3,3,3,67.188,2.931507888,11.9
13.1225,0,1,1,2,2,2,2,2,3,2,2,1,1,2,2,2,3,2,2,2,3,3,98.555,2.598543418,8.5
12.46,0,0,0,2,2,3,3,2,2,1,3,2,3,2,2,2,2,3,2,1,2,1,84.922,2.558024674,10.8
9.0979,1,3,2,1,1,2,2,2,1,2,2,2,2,2,2,1,1,2,1,3,2,1,104.917,2.011429462,9.3
8.6762,1,2,1,2,2,2,1,3,1,2,3,1,2,2,1,1,1,0,1,2,1,0,116.81,3.268845312,9
9.3498,0,0,3,0,0,0,0,1,0,0,0,1,0,1,1,0,0,0,0,1,0,0,113.035,1.570323496,11.6
2.078,1,3,0,3,2,2,1,1,1,0,3,2,1,2,0,1,2,3,2,1,2,2,118.02,2.274632938,9.6
2.9706,1,3,1,2,2,2,1,3,1,3,3,2,2,2,3,1,1,3,1,0,0,1,100.352,2.301029996,13.1
12.8953,0,2,2,1,1,1,1,2,1,0,0,1,3,1,0,2,2,1,2,1,2,0,103.916,3.133538908,8.7
6.6749,1,0,2,0,2,2,3,1,3,3,1,1,3,1,2,3,3,3,3,3,2,0,55.156,2.878946192,8.1
19.4935,0,0,1,0,0,0,0,1,0,1,2,0,1,0,1,0,1,1,0,0,1,1,116.551,2.706795342,11.4
12.6982,1,1,1,0,0,0,0,0,0,0,0,0,0,0,0,0,0,0,0,0,0,0,125.711,2.039508541,10.6
12.1396,0,0,0,0,1,1,0,0,0,0,1,0,0,1,0,0,0,0,0,0,0,2,116.367,3.054912671,8.1
8.909,1,1,0,2,1,0,0,0,0,3,2,1,1,1,0,0,0,0,0,0,1,1,87.393,3.397940009,9.1
17.3333,0,1,0,2,0,1,1,1,1,1,1,2,0,2,0,1,1,1,1,2,1,3,124.462,2.560305243,8.438016529
9.7166,1,2,0,0,2,1,0,1,2,0,1,2,0,0,2,1,0,0,1,1,0,0,120.342,3.215962771,10.8
9.0513,1,2,1,3,3,3,3,2,2,2,2,2,2,2,1,1,2,3,2,3,1,1,71.095,3.174993169,10.9
14.1054,0,0,0,0,1,0,0,0,0,0,1,0,1,0,0,0,1,1,1,1,0,0,108.85,2.798354637,9.1
5.4428,1,0,3,0,0,0,0,0,1,0,0,0,0,0,1,0,1,0,0,0,0,3,108.765,0.949390007,12
7.6085,0,0,0,1,0,2,2,1,0,1,1,1,1,2,1,0,0,0,0,1,1,2,103.546,3.215208955,8
9.0459,1,3,1,2,0,2,0,2,1,2,3,1,1,1,3,3,2,3,1,2,2,1,100.02,3.069421409,9.4
23.9398,0,1,0,1,0,0,2,3,2,0,2,0,1,1,0,1,1,1,0,2,3,1,147.802,3,7.1
16.8569,0,0,0,0,0,0,0,0,0,0,0,0,0,0,0,0,0,0,0,0,0,0,79.405,3.523601967,8.2
24.5886,0,1,2,0,1,0,1,0,1,2,0,0,0,0,3,2,1,1,2,0,0,1,117.188,3.067256889,10.8
10.4969,0,0,0,0,0,0,0,0,0,0,0,0,0,0,0,0,0,0,0,0,0,0,111.801,2.519362172,9.1
1.922,1,3,2,3,1,3,3,3,3,3,2,2,2,3,2,3,2,2,2,3,2,2,100.567,3.304357939,10.6
6.1574,1,2,3,3,2,3,2,3,3,3,3,3,3,3,3,2,3,2,3,3,3,3,85.049,3.138949451,9.8
6.5927,1,1,2,2,2,3,3,3,3,2,2,3,3,3,2,2,2,2,3,1,2,2,47.109,3.397940009,10.3
3.6879,1,2,2,2,3,2,3,3,2,3,2,3,2,2,2,3,3,1,3,1,1,1,64.058,3.397940009,9.1
9.3634,0,0,1,0,0,2,1,1,1,0,0,3,1,3,2,2,1,0,1,3,1,3,115.386,2.552583895,8.9
21.8727,0,0,0,0,0,0,0,0,1,0,0,0,0,0,1,0,0,0,1,0,0,0,121.111,2.565679193,8.8
3.5784,1,2,3,3,3,3,3,3,3,3,3,3,3,3,3,3,3,3,3,3,3,3,51.002,3.397940009,10
14.6612,1,1,2,1,1,2,1,1,0,1,2,1,1,1,0,2,1,2,2,3,2,2,109.916,1.457937938,10.91735537
6.2012,1,3,3,1,0,1,2,1,1,2,1,1,1,2,0,2,0,2,1,2,2,2,85.606,3.397940009,9.5
7.0719,1,1,0,1,2,2,3,2,1,1,1,2,2,1,0,2,0,2,1,2,2,0,95.598,2.275625416,9.8
9.3415,0,1,2,2,0,1,2,2,2,0,0,1,1,2,0,2,2,1,2,2,2,1,117.77,2.818769101,7.8
9.9986,0,1,3,3,0,2,0,2,3,2,3,3,0,2,2,1,3,2,3,3,3,3,115.541,2.874766727,8.4
3.6222,1,3,3,3,3,3,3,3,3,3,3,3,3,3,3,3,3,3,3,3,3,3,72.715,2.92967179,9.3
10.9651,0,2,0,1,1,2,1,2,1,1,1,2,2,2,1,2,1,2,1,1,1,2,103.433,3.113039513,8
14.1246,1,3,3,1,3,2,2,1,3,2,1,2,1,2,2,0,2,2,1,2,1,2,109.045,3.239384919,10.7
11.8877,0,2,0,2,1,2,0,0,1,1,2,0,0,3,1,1,1,0,0,2,2,2,104.161,2.611804981,8.9
14.7379,0,0,2,0,2,0,1,0,2,2,0,2,1,1,1,1,2,2,2,0,0,1,113.941,2.677454862,8.8
8.0055,1,3,1,2,1,3,3,2,2,3,3,1,2,2,1,2,2,3,2,1,2,2,115.292,2.831639951,11
5.6893,1,3,1,2,2,3,2,2,1,3,3,2,2,3,2,3,2,1,3,3,3,2,78.976,3.301029996,8.5
9.0924,0,3,2,3,2,3,3,3,3,2,2,3,3,3,3,3,3,3,3,3,3,3,72.297,3.158027259,9.8
13.6235,1,1,2,2,3,1,1,2,1,1,3,3,0,2,3,1,1,1,2,2,1,3,136.934,1.571391172,11.3
9.2923,0,3,3,3,3,3,3,3,3,3,3,3,3,3,3,3,3,1,3,2,3,3,103.627,3.255272505,10.6
23.9973,0,1,1,1,0,0,2,2,2,2,0,2,2,0,2,1,1,3,1,0,3,3,122.04,2.975640654,8.520661157
1.6071,1,1,3,3,3,3,3,3,3,3,2,3,3,0,3,3,3,3,3,2,3,3,92.405,3.034058225,11.8
1.306,1,2,2,2,1,3,3,3,3,2,2,3,2,3,3,3,3,2,3,3,2,3,101.265,3.397940009,8.5
13.3443,0,0,2,2,3,3,3,2,3,3,2,3,3,3,3,3,2,3,2,3,1,2,72.957,2.631781873,9.6
16.794,0,2,2,1,1,1,0,1,2,2,1,3,0,0,1,0,2,0,3,1,2,0,102.624,2.897970543,7.9
5.5989,1,1,1,3,3,2,1,3,2,3,1,1,3,2,3,1,3,1,2,3,3,2,60.769,2.191885526,8
6.4778,1,0,2,1,3,0,1,0,0,1,2,2,2,0,0,1,1,3,1,0,1,0,108.063,2.072323347,12.6
9.8946,0,0,1,2,0,2,2,2,1,3,1,2,2,3,1,2,2,2,2,1,1,2,67.197,2.537760268,10.1
3.2854,1,3,1,3,2,2,3,3,3,3,3,2,2,3,2,2,3,1,2,2,3,3,68.775,3.429744167,8.6
13.7796,1,1,0,1,1,3,1,1,0,2,2,2,1,1,1,1,2,2,1,0,0,0,114.31,2.728933228,9.8
11.05,1,0,1,0,0,1,1,1,0,3,0,1,2,1,2,0,2,0,2,1,1,1,97.617,2.942701138,9.6
12.3833,1,2,2,1,2,1,2,1,1,1,1,0,2,1,1,2,1,2,1,1,1,1,112.864,3.064848969,8.8
11.6687,1,2,3,2,3,1,3,2,3,2,1,2,3,3,2,2,3,2,3,2,3,2,91.315,3.367283024,8
9.5414,1,3,1,1,1,1,0,0,1,1,2,1,0,0,1,1,1,1,1,2,0,0,117.623,3.244065822,10
3.3429,1,3,3,2,1,1,1,1,0,0,1,0,1,1,0,1,0,2,1,1,2,1,122.387,1.826548837,12.4
6.6557,1,2,3,3,0,2,2,1,2,2,2,1,3,2,3,3,2,1,1,1,2,3,66.13,3.509010399,9.8
5.7796,1,3,3,3,2,3,3,3,3,2,3,3,3,3,3,3,3,3,3,2,3,1,78.522,3.362548034,10
9.1964,1,1,3,1,2,2,2,2,2,3,3,0,3,2,2,3,3,3,3,1,3,1,85.486,3.007825338,11.9
4.7201,1,2,1,1,3,0,2,1,2,1,1,1,3,1,0,2,2,3,2,2,2,0,115.3,3.569178765,8.2
13.243,1,0,2,2,1,1,1,3,1,1,0,2,3,2,2,2,2,0,0,1,1,2,61.891,3.004278798,9.3
7.6085,0,2,1,0,2,1,1,0,1,0,0,0,2,1,0,0,0,2,0,0,0,0,117.149,3.060439101,8.8
5.232,1,1,3,3,2,2,0,2,1,1,3,2,0,2,3,1,1,0,2,3,2,2,111.507,3.660340602,10.2
4.8077,1,3,3,3,3,3,3,3,3,2,1,3,2,3,3,3,3,3,3,3,3,3,86.292,3.358068497,11.8
12.5257,0,0,1,0,0,0,1,1,0,0,0,1,1,0,1,0,0,0,0,3,2,0,112.479,2.593969598,8.2
2.7515,1,3,3,0,2,0,0,0,0,0,0,0,1,0,3,0,0,0,0,0,0,0,113.567,2.58797353,14.6
3.5565,1,2,0,2,3,1,0,0,0,1,1,1,2,1,1,1,0,1,0,2,1,1,93.311,2.248946908,11.5
3.6222,1,3,2,3,2,0,2,2,2,1,3,0,1,1,2,3,1,2,1,3,2,0,127.386,3.218677651,9.6
5.7659,1,3,0,3,2,3,3,3,3,3,3,3,3,2,2,1,2,3,2,0,3,3,59.331,3.366948884,9.5
12.7502,1,2,2,0,2,1,2,1,1,0,0,0,2,2,1,2,0,3,0,1,0,1,115.392,3.468720713,11
14.976,1,2,3,1,1,0,1,0,2,2,0,1,1,1,2,1,2,1,1,1,0,0,83.455,3.093009446,11.1
17.72758385,1,2,2,3,2,3,3,3,3,3,2,2,2,3,1,3,3,3,3,3,3,2,52.841,2.934599438,6.6
3.414099932,0,2,2,1,2,1,1,0,1,0,1,1,1,1,1,0,0,2,0,1,0,1,130.242,2.881042108,12.4
1.70568104,1,3,2,2,3,3,3,3,3,3,3,3,3,3,3,3,3,3,2,3,3,3,46.642,3.591843411,8.7
4.156057495,1,2,1,2,2,2,3,2,2,2,1,3,2,2,3,2,2,3,2,3,2,2,47.793,3.201642882,6.2
12.23545517,0,0,1,1,0,0,1,1,1,0,1,2,1,1,0,3,1,1,0,1,2,2,107.954,2.809290301,10.3
17.18548939,0,2,1,1,0,1,2,1,1,0,1,1,1,1,1,1,1,1,1,1,1,0,118.288,3.132355762,12.1
2.006844627,1,3,3,3,2,3,3,3,3,3,3,3,2,2,3,3,2,2,3,3,3,3,73.744,3.397940009,10.8
16.80766598,0,1,0,2,3,2,2,2,2,2,3,2,3,2,2,2,3,3,3,1,2,2,51.736,1.305351369,8.2
9.73853525,1,1,0,0,0,0,0,1,0,0,2,0,0,0,0,1,0,1,1,0,1,2,127.237,2.364550995,10.58677686
18.21492129,0,0,1,0,0,0,0,1,1,1,0,1,1,0,0,1,1,0,0,0,0,0,106.104,1.437750563,8.9
4.454483231,1,3,3,3,3,3,3,3,3,3,2,3,3,3,2,2,3,3,3,3,3,2,45.35,3.136403448,9.4
9.108829569,0,1,3,0,0,1,0,0,1,0,0,0,0,0,1,0,0,0,0,0,0,1,129.395,3.041313715,10.4
10.03148528,1,1,3,2,3,2,2,2,2,2,2,1,3,2,3,2,2,2,2,2,2,1,45.295,3.206960729,13
2.565366188,1,3,3,3,2,3,3,3,3,2,1,2,3,3,2,3,3,3,3,2,3,3,53.586,3.08278537,13.6
7.154004107,0,1,0,1,0,0,1,1,1,1,1,2,0,1,1,1,0,2,1,2,2,3,83.732,2.54740546,10.8
3.937029432,0,2,3,3,3,3,2,3,3,3,3,2,1,3,3,3,2,2,3,3,2,3,51.78,3.253338005,8.2
2.518822724,1,3,2,2,3,2,2,2,2,2,3,2,2,2,2,2,2,1,2,2,2,0,57.083,2.97053283,7.9
2.028747433,1,3,2,3,3,3,3,3,3,2,3,3,3,3,3,3,3,3,2,3,3,3,53.963,2.301029996,12.8
14.41752225,0,1,0,1,0,1,1,1,1,1,0,1,1,1,1,1,1,1,1,1,1,0,58.865,2.624385241,6.8
8.531143053,1,2,3,2,2,2,3,2,2,2,2,3,2,3,2,2,2,2,2,2,2,3,48.691,3.193958978,7.8
11.9890486,0,0,0,1,1,1,0,1,0,0,2,0,0,1,2,0,0,0,2,1,1,1,122.901,2.634275695,8.1
10.9431896,1,2,3,3,0,1,1,2,1,1,2,2,0,1,2,1,1,1,1,2,3,2,56.42,2.836450714,9.1
3.961670089,1,2,2,2,0,2,2,2,2,3,2,3,2,2,3,2,2,2,2,3,1,2,51.412,3.096910013,7.6
1.56605065,1,1,2,2,3,2,2,2,2,1,2,2,2,2,2,2,2,1,1,2,1,1,56.618,2.958707191,12.6
18.40657084,0,1,0,1,0,1,1,0,0,1,1,0,0,1,0,1,0,0,0,2,1,1,94.89,3.245043574,9.842975207
9.823408624,0,0,1,0,0,0,1,1,0,0,0,1,0,0,0,0,0,2,0,1,0,0,119.249,2.735279448,5.1
19.06913073,0,1,1,1,0,0,0,0,0,1,1,0,1,0,0,1,1,1,1,1,1,0,89.922,2.301029996,9.5
9.122518823,0,3,0,0,2,1,0,0,0,1,0,0,0,1,1,0,1,0,0,0,1,1,75.305,3.115743608,7.4
1.412731006,1,2,2,3,2,3,3,3,3,3,3,3,3,3,3,3,3,3,3,3,3,3,45.614,3.368658712,9.1
8.821355236,0,0,0,0,0,0,0,0,0,0,1,0,0,0,0,0,0,0,0,0,0,0,112.32,2.683857205,8.5
7.186858316,1,0,3,1,0,0,1,1,1,1,0,1,1,0,0,0,0,0,0,0,0,1,114.485,2.694078462,10
14.43942505,0,0,2,0,1,0,0,0,0,2,0,0,1,0,1,0,2,0,1,0,0,2,100.016,2.048053173,8.1
15.6605065,0,0,1,2,3,1,2,2,2,2,2,1,3,2,2,2,2,2,2,1,2,2,56.703,1.305351369,8.2
14.48596852,0,0,0,0,0,2,1,1,2,2,0,1,2,1,2,1,1,1,2,1,1,0,50.454,1.447158031,7.1
4.48733744,0,2,1,1,1,2,1,0,1,1,1,2,2,2,1,1,1,1,1,2,0,1,71.231,2.949828959,14.1
7.301848049,1,3,1,2,2,2,2,2,2,3,3,1,2,2,0,2,3,2,3,0,3,1,67.197,2.536558443,8
1.420944559,0,1,1,0,0,1,0,0,0,0,0,0,1,0,1,0,1,0,1,0,0,0,77,1.465382851,7.1
1.779603012,1,3,2,3,2,3,2,3,3,3,3,3,3,3,3,3,3,3,3,2,2,3,54.087,2.366796383,8.9
